WigleWifi-1.6,appRelease=v1.16,model=M5Stack GPS Unit,release=v1.16,device=ESP32 M5Stack,display=SPI TFT,board=ESP32 M5Stack,brand=Bruce,star=Sol,body=4,subBody=1
MAC,SSID,AuthMode,FirstSeen,Channel,Frequency,RSSI,CurrentLatitude,CurrentLongitude,AltitudeMeters,AccuracyMeters,RCOIs,MfgrId,Type
34:98:B5:FB:73:47,"WiFi-B818-5G",[WPA2_PSK],2026-08-08 06:49:57,2,2417,-76,-33.398364,151.349402,30.680000,1.700000,,,WIFI
CC:6C:52:0B:EE:5E,"Aussie Broadband 3228",[WPA2_PSK],2026-08-08 06:49:57,6,2437,-76,-33.398364,151.349402,30.680000,1.700000,,,WIFI
0A:C7:F5:E5:92:7F,"TelstraE59277",[WPA2_PSK],2026-08-08 06:49:57,1,2412,-80,-33.398364,151.349402,30.680000,1.700000,,,WIFI
9A:A6:7E:74:F2:AC,"ORBI46",[WPA2_PSK],2026-08-08 06:49:57,3,2422,-81,-33.398364,151.349402,30.680000,1.700000,,,WIFI
DC:F5:1B:13:1F:AB,"OPTUS_131FA8N",[WPA2_WPA3_PSK],2026-08-08 06:49:57,1,2412,-82,-33.398364,151.349402,30.680000,1.700000,,,WIFI
D8:D7:75:23:AC:97,"Telstra23AC91",[WPA2_PSK],2026-08-08 06:49:57,8,2447,-83,-33.398364,151.349402,30.680000,1.700000,,,WIFI
76:FE:CE:B9:FA:79,"WiFi-B818",[WPA2_PSK],2026-08-08 06:49:57,4,2427,-85,-33.398364,151.349402,30.680000,1.700000,,,WIFI
D0:DB:B7:BE:66:36,"not as fly for a wifi",[WPA2_WPA3_PSK],2026-08-08 06:49:57,1,2412,-88,-33.398364,151.349402,30.680000,1.700000,,,WIFI
D0:DB:B7:C3:2E:80,"NetComm 2.4",[WPA2_PSK],2026-08-08 06:49:57,6,2437,-89,-33.398364,151.349402,30.680000,1.700000,,,WIFI
32:DE:4B:B3:3E:89,"Warp1",[WPA2_PSK],2026-08-08 06:49:57,2,2417,-90,-33.398364,151.349402,30.680000,1.700000,,,WIFI
34:98:B5:FB:07:5D,"WiFi-B818-5G",[WPA2_PSK],2026-08-08 06:49:57,2,2417,-90,-33.398364,151.349402,30.680000,1.700000,,,WIFI
26:23:51:23:69:6A,"WiFi-236969",[WPA2_PSK],2026-08-08 06:49:57,2,2417,-90,-33.398364,151.349402,30.680000,1.700000,,,WIFI
10:13:31:24:69:41,"Telstra246941",[WPA2_PSK],2026-08-08 06:49:57,6,2437,-90,-33.398364,151.349402,30.680000,1.700000,,,WIFI
FC:9C:98:ED:01:84,"ARLO_VMB_9558321999",[WPA2_PSK],2026-08-08 06:49:57,11,2462,-90,-33.398364,151.349402,30.680000,1.700000,,,WIFI
A4:11:62:D5:8E:61,"ARLO_VMB_2319127233",[WPA2_PSK],2026-08-08 06:49:57,11,2462,-90,-33.398364,151.349402,30.680000,1.700000,,,WIFI
24:4B:FE:AB:1F:C0,"ASIO Surveillance Van",[WPA2_PSK],2026-08-08 06:49:57,4,2427,-91,-33.398364,151.349402,30.680000,1.700000,,,WIFI
4C:22:F3:4F:50:AB,"OPTUS_4F50A8N",[WPA2_WPA3_PSK],2026-08-08 06:49:57,6,2437,-91,-33.398364,151.349402,30.680000,1.700000,,,WIFI
C4:EA:1D:A6:EC:6B,"TelstraA6EC6B",[WPA2_PSK],2026-08-08 06:49:57,6,2437,-91,-33.398364,151.349402,30.680000,1.700000,,,WIFI
62:D8:A4:01:16:9B,"Telstra011693",[WPA2_PSK],2026-08-08 06:49:57,1,2412,-92,-33.398364,151.349402,30.680000,1.700000,,,WIFI
44:AD:B1:DD:5E:D3,"Optus_DD5ED1",[WPA2_PSK],2026-08-08 06:49:57,11,2462,-92,-33.398364,151.349402,30.680000,1.700000,,,WIFI
F8:5E:3C:99:D9:6E,"Bits that Byte",[WPA_WPA2_PSK],2026-08-08 06:49:57,11,2462,-92,-33.398364,151.349402,30.680000,1.700000,,,WIFI
5C:E9:31:A8:42:97,"TP-Link_4297",[WPA2_PSK],2026-08-08 06:49:57,11,2462,-93,-33.398364,151.349402,30.680000,1.700000,,,WIFI
20:B0:01:B0:EE:07,"Vodafone2.4G-0EE06",[WPA2_PSK],2026-08-08 06:49:57,12,2467,-96,-33.398364,151.349402,30.680000,1.700000,,,WIFI
6a:1f:95:f0:b7:53,"",Misc [BLE],2026-08-08 06:49:57,0,,-94,-33.398364,151.349402,30.680000,1.700000,,004C,BLE
77:ff:3a:db:a8:b0,"",Misc [BLE],2026-08-08 06:49:57,0,,-73,-33.398364,151.349402,30.680000,1.700000,,004C,BLE
48:c8:01:4a:5a:23,"",Misc [BLE],2026-08-08 06:49:57,0,,-94,-33.398364,151.349402,30.680000,1.700000,,004C,BLE
5c:bf:71:ce:d7:77,"",Misc [BLE],2026-08-08 06:49:57,0,,-95,-33.398364,151.349402,30.680000,1.700000,,004C,BLE
1d:56:23:96:df:f3,"",Misc [BLE],2026-08-08 06:49:57,0,,-91,-33.398364,151.349402,30.680000,1.700000,,0006,BLE
78:c8:a5:4f:c4:53,"",Misc [BLE],2026-08-08 06:49:57,0,,-93,-33.398364,151.349402,30.680000,1.700000,,004C,BLE
4d:b5:bc:fb:00:a1,"",Misc [BLE],2026-08-08 06:49:57,0,,-98,-33.398364,151.349402,30.680000,1.700000,,004C,BLE
16:ea:98:2e:0b:4a,"",Misc [BLE],2026-08-08 06:49:57,0,,-92,-33.398364,151.349402,30.680000,1.700000,,004C,BLE
d4:55:28:46:7b:59,"",Misc [BLE],2026-08-08 06:49:57,0,,-95,-33.398364,151.349402,30.680000,1.700000,,004C,BLE
74:6b:e6:b3:c1:df,"",Misc [BLE],2026-08-08 06:49:57,0,,-92,-33.398364,151.349402,30.680000,1.700000,,004C,BLE
fc:3c:d7:4e:65:f3,"TY",Misc [BLE],2026-08-08 06:49:57,0,,-90,-33.398364,151.349402,30.680000,1.700000,,07D0,BLE
f8:90:a0:d1:e3:56,"",Misc [BLE],2026-08-08 06:49:57,0,,-49,-33.398364,151.349402,30.680000,1.700000,,004C,BLE
69:46:ba:20:fc:0a,"",Misc [BLE],2026-08-08 06:49:57,0,,-48,-33.398364,151.349402,30.680000,1.700000,,004C,BLE
dd:67:6d:c8:59:4b,"",Misc [BLE],2026-08-08 06:49:57,0,,-91,-33.398364,151.349402,30.680000,1.700000,,004C,BLE
65:a9:69:63:f6:fb,"",Misc [BLE],2026-08-08 06:49:57,0,,-95,-33.398364,151.349402,30.680000,1.700000,,004C,BLE
5e:b3:3d:a5:2a:b6,"",Misc [BLE],2026-08-08 06:49:57,0,,-93,-33.398364,151.349402,30.680000,1.700000,,004C,BLE
63:43:b3:c6:ae:29,"",Misc [BLE],2026-08-08 06:49:57,0,,-94,-33.398364,151.349402,30.680000,1.700000,,,BLE
5e:b6:dd:48:91:32,"",Misc [BLE],2026-08-08 06:49:57,0,,-94,-33.398364,151.349402,30.680000,1.700000,,004C,BLE
55:f2:60:33:ff:bf,"JBL Clip 5",Misc [BLE],2026-08-08 06:49:57,0,,-96,-33.398364,151.349402,30.680000,1.700000,,0057,BLE
dc:56:e7:37:f1:d2,"",Misc [BLE],2026-08-08 06:49:57,0,,-91,-33.398364,151.349402,30.680000,1.700000,,004C,BLE
58:7e:61:d4:73:f7,"",Misc [BLE],2026-08-08 06:49:57,0,,-97,-33.398364,151.349402,30.680000,1.700000,,000D,BLE
D0:DB:B7:DB:91:73,"Dreamworld",[WPA2_WPA3_PSK],2026-08-08 06:49:58,1,2412,-73,-33.398402,151.349470,30.580000,1.700000,,,WIFI
18:48:CA:60:EA:59,"ABB-18-48-ca-60-ea-59",[WPA2_PSK],2026-08-08 06:49:58,1,2412,-75,-33.398402,151.349470,30.580000,1.700000,,,WIFI
E0:B9:E5:72:0E:51,"Telstra720E51",[WPA2_PSK],2026-08-08 06:49:58,6,2437,-78,-33.398402,151.349470,30.580000,1.700000,,,WIFI
B0:39:56:B9:E9:93,"Dreamworld_2GEXT",[WPA2_PSK],2026-08-08 06:49:58,1,2412,-83,-33.398402,151.349470,30.580000,1.700000,,,WIFI
FE:FA:C4:5C:D9:3F,"WiFi-5CD93E",[WPA2_PSK],2026-08-08 06:49:58,11,2462,-84,-33.398402,151.349470,30.580000,1.700000,,,WIFI
FA:8F:CA:5A:ED:6F,"Living Room TV.m,",[OPEN],2026-08-08 06:49:58,6,2437,-85,-33.398402,151.349470,30.580000,1.700000,,,WIFI
58:E8:76:0B:E0:8F,"SW0BE08E",[WPA_WPA2_PSK],2026-08-08 06:49:58,4,2427,-87,-33.398402,151.349470,30.580000,1.700000,,,WIFI
82:53:22:14:1F:4A,"WiFi-141F49",[WPA2_PSK],2026-08-08 06:49:58,4,2427,-89,-33.398402,151.349470,30.580000,1.700000,,,WIFI
AC:15:A2:96:9D:E8,"WiFi-141F49_EXT",[WPA2_PSK],2026-08-08 06:49:58,4,2427,-90,-33.398402,151.349470,30.580000,1.700000,,,WIFI
D4:35:1D:D5:50:A8,"TelstraD550A8",[WPA2_PSK],2026-08-08 06:49:58,11,2462,-90,-33.398402,151.349470,30.580000,1.700000,,,WIFI
BC:30:D9:F1:43:46,"TelstraF14344",[WPA2_PSK],2026-08-08 06:49:58,11,2462,-92,-33.398402,151.349470,30.580000,1.700000,,,WIFI
BA:07:1D:18:6D:20,"Marjo",[WPA2_PSK],2026-08-08 06:49:58,9,2452,-94,-33.398402,151.349470,30.580000,1.700000,,,WIFI
d8:b6:73:65:b3:df,"",Misc [BLE],2026-08-08 06:49:58,0,,-91,-33.398402,151.349470,30.580000,1.700000,,,BLE
18:8b:0e:f1:bb:86,"",Misc [BLE],2026-08-08 06:49:58,0,,-95,-33.398402,151.349470,30.580000,1.700000,,0902,BLE
52:d1:10:54:b4:f2,"Living Room TV",Misc [BLE],2026-08-08 06:49:58,0,,-91,-33.398402,151.349470,30.580000,1.700000,,,BLE
30:c9:22:5a:6b:1e,"THRM6B1E",Misc [BLE],2026-08-08 06:49:58,0,,-93,-33.398402,151.349470,30.580000,1.700000,,04AA,BLE
7b:96:8e:52:29:9a,"",Misc [BLE],2026-08-08 06:49:58,0,,-95,-33.398402,151.349470,30.580000,1.700000,,004C,BLE
e8:9e:7e:86:6b:7d,"",Misc [BLE],2026-08-08 06:49:58,0,,-96,-33.398402,151.349470,30.580000,1.700000,,004C,BLE
38:ee:07:03:9b:ab,"",Misc [BLE],2026-08-08 06:49:58,0,,-96,-33.398402,151.349470,30.580000,1.700000,,004C,BLE
e2:70:ea:98:00:21,"",Misc [BLE],2026-08-08 06:49:58,0,,-97,-33.398402,151.349470,30.580000,1.700000,,0065,BLE
42:25:97:18:1d:d9,"",Misc [BLE],2026-08-08 06:49:58,0,,-95,-33.398402,151.349470,30.580000,1.700000,,004C,BLE
7f:1d:68:dc:7a:89,"",Misc [BLE],2026-08-08 06:49:58,0,,-95,-33.398402,151.349470,30.580000,1.700000,,004C,BLE
28:e6:a9:f7:ce:a9,"",Misc [BLE],2026-08-08 06:49:58,0,,-91,-33.398402,151.349470,30.580000,1.700000,,0075,BLE
4a:a1:40:54:f0:64,"",Misc [BLE],2026-08-08 06:49:58,0,,-91,-33.398402,151.349470,30.580000,1.700000,,,BLE
DA:D8:E5:3B:B3:89,"Telstra3BB381",[WPA2_PSK],2026-08-08 06:50:12,4,2427,-83,-33.398831,151.350488,40.190000,1.400000,,,WIFI
5C:4D:BF:9D:BA:A2,"TPW4G_2mJxn5",[WPA2_PSK],2026-08-08 06:50:12,1,2412,-87,-33.398831,151.350488,40.190000,1.400000,,,WIFI
72:64:ef:69:8c:0c,"",Misc [BLE],2026-08-08 06:50:12,0,,-100,-33.398831,151.350488,40.190000,1.400000,,004C,BLE
5f:bd:33:82:6a:20,"",Misc [BLE],2026-08-08 06:50:12,0,,-92,-33.398831,151.350488,40.190000,1.400000,,004C,BLE
14:c5:7f:ef:7f:2f,"",Misc [BLE],2026-08-08 06:50:12,0,,-95,-33.398831,151.350488,40.190000,1.400000,,0006,BLE
3f:76:b3:0b:7f:e5,"",Misc [BLE],2026-08-08 06:50:12,0,,-91,-33.398831,151.350488,40.190000,1.400000,,004C,BLE
66:4e:d7:3a:7d:fa,"",Misc [BLE],2026-08-08 06:50:12,0,,-93,-33.398831,151.350488,40.190000,1.400000,,0065,BLE
3d:d0:60:60:73:98,"",Misc [BLE],2026-08-08 06:50:12,0,,-93,-33.398831,151.350488,40.190000,1.400000,,004C,BLE
c7:6b:86:da:ee:43,"GlowDreaming",Misc [BLE],2026-08-08 06:50:12,0,,-92,-33.398831,151.350488,40.190000,1.400000,,,BLE
7f:29:a2:e9:7a:a4,"",Misc [BLE],2026-08-08 06:50:12,0,,-92,-33.398831,151.350488,40.190000,1.400000,,00E0,BLE
5b:5c:8e:b1:8d:90,"",Misc [BLE],2026-08-08 06:50:12,0,,-96,-33.398831,151.350488,40.190000,1.400000,,004C,BLE
d6:80:8b:88:7c:5c,"XP-4200 Series",Misc [BLE],2026-08-08 06:50:12,0,,-95,-33.398831,151.350488,40.190000,1.400000,,0040,BLE
e9:33:fa:a1:eb:d2,"",Misc [BLE],2026-08-08 06:50:12,0,,-96,-33.398831,151.350488,40.190000,1.400000,,004C,BLE
63:e6:7a:a3:ea:01,"LE-Bose Micro SoundLink",Misc [BLE],2026-08-08 06:50:12,0,,-93,-33.398831,151.350488,40.190000,1.400000,,0C01,BLE
0b:68:25:21:fe:3a,"",Misc [BLE],2026-08-08 06:50:12,0,,-92,-33.398831,151.350488,40.190000,1.400000,,,BLE
72:7F:F0:64:A1:7B,"Dads House",[WPA2_WPA3_PSK],2026-08-08 06:50:26,2,2417,-71,-33.399679,151.350595,41.570000,1.400000,,,WIFI
A6:97:5C:AA:AD:7A,"VTECH_5766_ad7a",[WPA2_PSK],2026-08-08 06:50:26,6,2437,-81,-33.399679,151.350595,41.570000,1.400000,,,WIFI
B0:39:56:B8:8C:9B,"WiFi-BE9F34_2GEXT",[WPA2_PSK],2026-08-08 06:50:26,1,2412,-83,-33.399679,151.350595,41.570000,1.400000,,,WIFI
E0:B9:E5:66:77:17,"iiNet667717",[WPA2_PSK],2026-08-08 06:50:26,1,2412,-84,-33.399679,151.350595,41.570000,1.400000,,,WIFI
FA:8F:CA:6D:DF:DF,"Family room TV.v",[OPEN],2026-08-08 06:50:26,6,2437,-86,-33.399679,151.350595,41.570000,1.400000,,,WIFI
F4:6B:EF:9B:95:72,"Telstra9B956C",[WPA2_PSK],2026-08-08 06:50:26,13,2472,-91,-33.399679,151.350595,41.570000,1.400000,,,WIFI
d4:27:87:ec:00:8a,"5022KCAA261L0232",Misc [BLE],2026-08-08 06:50:26,0,,-88,-33.399679,151.350595,41.570000,1.400000,,,BLE
76:8c:ac:02:37:29,"",Misc [BLE],2026-08-08 06:50:26,0,,-96,-33.399679,151.350595,41.570000,1.400000,,,BLE
1c:ad:f3:1e:2e:88,"",Misc [BLE],2026-08-08 06:50:26,0,,-96,-33.399679,151.350595,41.570000,1.400000,,,BLE
69:f8:41:21:d8:38,"",Misc [BLE],2026-08-08 06:50:26,0,,-96,-33.399679,151.350595,41.570000,1.400000,,004C,BLE
57:31:7d:49:6b:3b,"",Misc [BLE],2026-08-08 06:50:26,0,,-98,-33.399679,151.350595,41.570000,1.400000,,004C,BLE
34:EA:E7:59:A6:67,"AP_4036411401",[OPEN],2026-08-08 06:50:39,1,2412,-86,-33.401091,151.350591,31.080000,1.400000,,,WIFI
BA:29:48:A4:89:4D,"Spongebob_Primary",[WPA2_PSK],2026-08-08 06:50:39,1,2412,-88,-33.401091,151.350591,31.080000,1.400000,,,WIFI
CA:06:C3:82:58:CC,"T'internet",[WPA2_PSK],2026-08-08 06:50:39,9,2452,-88,-33.401091,151.350591,31.080000,1.400000,,,WIFI
CC:BA:BD:A4:00:CC,"Spongebob_Primary",[WPA2_PSK],2026-08-08 06:50:39,2,2417,-92,-33.401091,151.350591,31.080000,1.400000,,,WIFI
60:C5:A8:7B:E5:FE,"SG-B21****1897",[WPA2_PSK],2026-08-08 06:50:39,6,2437,-93,-33.401091,151.350591,31.080000,1.400000,,,WIFI
5E:22:8B:3A:15:9E,"The Juice",[WPA2_PSK],2026-08-08 06:50:39,9,2452,-94,-33.401091,151.350591,31.080000,1.400000,,,WIFI
DA:D8:E5:40:5C:81,"Home Internet",[WPA2_PSK],2026-08-08 06:50:39,11,2462,-96,-33.401091,151.350591,31.080000,1.400000,,,WIFI
c0:4a:0e:64:fe:e0,"S6751cc6f875280a1C",Misc [BLE],2026-08-08 06:50:39,0,,-90,-33.401091,151.350591,31.080000,1.400000,,004C,BLE
5f:b4:72:c3:99:9d,"",Misc [BLE],2026-08-08 06:50:39,0,,-98,-33.401091,151.350591,31.080000,1.400000,,004C,BLE
c8:38:7b:4f:23:e1,"",Misc [BLE],2026-08-08 06:50:39,0,,-95,-33.401091,151.350591,31.080000,1.400000,,004C,BLE
5f:61:61:c1:0d:82,"",Misc [BLE],2026-08-08 06:50:39,0,,-95,-33.401091,151.350591,31.080000,1.400000,,004C,BLE
68:aa:4d:34:a6:3d,"",Misc [BLE],2026-08-08 06:50:39,0,,-96,-33.401091,151.350591,31.080000,1.400000,,004C,BLE
63:ec:93:88:b3:22,"",Misc [BLE],2026-08-08 06:50:39,0,,-96,-33.401091,151.350591,31.080000,1.400000,,004C,BLE
da:14:85:d8:50:aa,"",Misc [BLE],2026-08-08 06:50:39,0,,-94,-33.401091,151.350591,31.080000,1.400000,,004C,BLE
a4:c1:38:34:ce:21,"iTECH160X-PRO01984",Misc [BLE],2026-08-08 06:50:39,0,,-93,-33.401091,151.350591,31.080000,1.400000,,CE21,BLE
80:ea:ca:9a:03:23,"",Misc [BLE],2026-08-08 06:50:39,0,,-95,-33.401091,151.350591,31.080000,1.400000,,,BLE
d0:89:e6:0b:38:80,"",Misc [BLE],2026-08-08 06:50:39,0,,-91,-33.401091,151.350591,31.080000,1.400000,,004C,BLE
D6:CA:6D:99:AE:83,"559 Guest",[WPA2_PSK],2026-08-08 06:50:52,1,2412,-84,-33.402449,151.350472,14.510000,1.400000,,,WIFI
D6:CA:6D:99:AE:84,"559 IoT",[WPA_WPA2_PSK],2026-08-08 06:50:52,1,2412,-85,-33.402449,151.350472,14.510000,1.400000,,,WIFI
48:8F:5A:8A:74:6C,"559",[WPA2_PSK],2026-08-08 06:50:52,1,2412,-85,-33.402449,151.350472,14.510000,1.400000,,,WIFI
E8:ED:D6:94:70:52,"OOPDLV",[WPA2_PSK],2026-08-08 06:50:52,6,2437,-92,-33.402449,151.350472,14.510000,1.400000,,,WIFI
40:A5:EF:18:89:D8,"IROAD_FX2PRO_1889d8",[WPA2_PSK],2026-08-08 06:50:52,11,2462,-96,-33.402449,151.350472,14.510000,1.400000,,,WIFI
61:a2:cc:ed:c4:5f,"",Misc [BLE],2026-08-08 06:50:52,0,,-96,-33.402449,151.350472,14.510000,1.400000,,004C,BLE
13:52:f7:e9:01:06,"",Misc [BLE],2026-08-08 06:50:52,0,,-96,-33.402449,151.350472,14.510000,1.400000,,,BLE
c6:70:aa:ae:86:fb,"",Misc [BLE],2026-08-08 06:50:52,0,,-96,-33.402449,151.350472,14.510000,1.400000,,004C,BLE
64:3c:27:c4:52:3f,"",Misc [BLE],2026-08-08 06:50:52,0,,-96,-33.402449,151.350472,14.510000,1.400000,,004C,BLE
11:5c:51:27:fa:84,"",Misc [BLE],2026-08-08 06:50:52,0,,-98,-33.402449,151.350472,14.510000,1.400000,,,BLE
37:09:a1:23:72:91,"",Misc [BLE],2026-08-08 06:50:52,0,,-97,-33.402449,151.350472,14.510000,1.400000,,,BLE
35:ec:71:84:79:55,"",Misc [BLE],2026-08-08 06:50:52,0,,-94,-33.402449,151.350472,14.510000,1.400000,,,BLE
7b:e3:91:15:17:be,"",Misc [BLE],2026-08-08 06:50:52,0,,-97,-33.402449,151.350472,14.510000,1.400000,,004C,BLE
